{
    "nInputs": 784,
    "nHiddens": 500,
    "nOutputs": 10,
    "N": 1294,
    "maxInputPerNode": 1284,
    "minInputPerNode": 642,
    "maxOutputPerNode": 510,
    "minOutputPerNode": 255,
    "etaW": 0.06,
    "etaR": 0.06,
    "etaP": 0.06,
    "bias": -0.5,
    "decay": 0.1,
    "width": 8000,
    "depth": 8000,
    "height": 8000,
    "minRadius": 500,
    "maxRadius": 800,
    "epochs": 24,
    "hiddenZoneOffset": 3000,
    "outputZoneOffset": 500,
    "numberOfTrainableParams": 438171,
    "numberOfUsableParams": 653546,
    "frequency": 6,
    "datasetCap": 8000,
    "dataset": "MNIST",
    "activationFunc": "sigmoid",
    "trainingTime": 5807.6357029,
    "losses": [
        0.0828330778697974,
        0.05775754383050588,
        0.042666618063699646,
        0.036892086387824256,
        0.03259570883314297,
        0.029169946870156123,
        0.028853462634543033,
        0.02791817199151946,
        0.025859423608381685,
        0.025048183100735994,
        0.023538433415502904,
        0.022304787174332145,
        0.022967678158137137,
        0.02134254194562532,
        0.021474786409511632,
        0.020787881786811246,
        0.019659126542218512,
        0.01884756536549536,
        0.024351339832819677,
        0.02310330153250015,
        0.023916854370774156,
        0.02133065855980799,
        0.02016396661721051,
        0.01962583609182773
    ],
    "accuracy": 87.1
}